﻿designator,quantity,value,pack,mpn,mount_type
A1,1,Arduino_Nano_Every_Socket,Arduino_Nano_Every_Socket,,tht
"Bat_3.7V1, J12, J4, J8, J9",5,Conn_01x02_Pin,PinSocket_1x02_P2.54mm_Vertical,,tht
"C1, C4",2,10u,C_0805_2012Metric,,smt
"C10, C8",2,1u,C_0402_1005Metric,,smt
"C11, C12, C13, C14, C15, C16, C5, C52, C53, C54, C55, C6, C7, C9",14,100n,C_0402_1005Metric,,smt
C17,1,10u,C_0402_1005Metric,,smt
"C2, C3",2,15p,C_0402_1005Metric,,smt
C24,1,10nF,C_0402_1005Metric,,smt
"C25, C27",2,0.1uF,C_0402_1005Metric,,smt
C26,1,2.2nF,C_0402_1005Metric,,smt
"C28, C29",2,min. 4.7uF,C_0805_2012Metric,,smt
"D3, D4, D5, D6",4,SS34,DIOM7959X262N,,smt
"H1, H2, H3, H4",4,MountingHole_Pad,MountingHole_2.7mm_Pad_Via,,tht
IC2,1,MPU-6050,MPU6050,,smt
IC4,1,MCP73831T-2ACI_MC,SON50P300X200X100-9N-D,,smt
J1,1,47346-1001,473461001,,smt
"J10, J2",2,Conn_02x04_Odd_Even,PinHeader_2x04_P2.54mm_Vertical,,tht
J13,1,Conn_02x05_Row_Letter_Last,PinHeader_2x05_P1.00mm_Vertical_SMD,,smt
OLED1,1,Conn_01x04_Socket,PinHeader_1x04_P2.54mm_Vertical,,tht
"Q1, Q2, Q3, Q5",4,SQ2310ES-T1_GE3,SOT95P237X112-3N,,smt
"R1, R5",2,1k,R_0402_1005Metric_Pad0.72x0.64mm_HandSolder,,smt
R10,1,2kOhm,R_0402_1005Metric_Pad0.72x0.64mm_HandSolder,,smt
"R11, R12",2,R,R_0402_1005Metric_Pad0.72x0.64mm_HandSolder,,smt
"R13, R15, R17, R8",4,100,R_0402_1005Metric_Pad0.72x0.64mm_HandSolder,,smt
"R14, R16, R18, R19, R20, R21, R9",7,10k,R_0402_1005Metric_Pad0.72x0.64mm_HandSolder,,smt
R2,1,DNF,R_0402_1005Metric_Pad0.72x0.64mm_HandSolder,,smt
"R3, R4",2,27,R_0402_1005Metric_Pad0.72x0.64mm_HandSolder,,smt
"S1, S2",2,THB001P,THB001P,,tht
"S3, S4",2,PTS830GG140SMTRLFS,PTS830GG140SMTRLFS,,smt
"TP1, TP2, TP3, TP4, TP5, TP6, TP7, TP8, TP9",9,TestPoint_Small,TestPoint_Pad_D1.0mm,,tht
U1,1,NCP1117-3.3_SOT223,SOT-223-3_TabPin2,,smt
U2,1,W25Q128JVS,SOIC-8_5.23x5.23mm_P1.27mm,,smt
U3,1,RP2040,QFN40P700X700X90-57N-D,,smt
Y1,1,ABM8-272-T3,Crystal_SMD_3225-4Pin_3.2x2.5mm,,smt
