﻿pos_x,pos_y,rotation,side,designator,mpn,pack,value,mount_type,place
92.4055,-99.314,-90.0,bottom,A1,,Arduino_Nano_Every_Socket,Arduino_Nano_Every_Socket,tht,True
50.571,-66.568,0.0,top,Bat_3.7V1,,PinSocket_1x02_P2.54mm_Vertical,Conn_01x02_Pin,tht,True
76.454,-55.626,0.0,bottom,C1,,C_0805_2012Metric,10u,smt,True
77.16,-55.588,90.0,top,C10,,C_0402_1005Metric,1u,smt,True
79.319,-58.89,0.0,top,C11,,C_0402_1005Metric,100n,smt,True
78.43,-55.588,90.0,top,C12,,C_0402_1005Metric,100n,smt,True
67.056,-62.611,180.0,top,C13,,C_0402_1005Metric,100n,smt,True
79.319,-62.446,0.0,top,C14,,C_0402_1005Metric,100n,smt,True
73.604,-68.288,-90.0,top,C15,,C_0402_1005Metric,100n,smt,True
73.858,-54.826,90.0,top,C16,,C_0402_1005Metric,100n,smt,True
80.716,-55.588,90.0,top,C17,,C_0402_1005Metric,10u,smt,True
71.572,-69.177,180.0,top,C2,,C_0402_1005Metric,15p,smt,True
65.278,-64.008,-90.0,bottom,C24,,C_0402_1005Metric,10nF,smt,True
65.278,-61.722,-90.0,bottom,C25,,C_0402_1005Metric,0.1uF,smt,True
73.914,-58.928,90.0,bottom,C26,,C_0402_1005Metric,2.2nF,smt,True
68.542,-57.15,0.0,bottom,C27,,C_0402_1005Metric,0.1uF,smt,True
76.652,-52.54,0.0,bottom,C28,,C_0805_2012Metric,min. 4.7uF,smt,True
72.842,-49.492,180.0,bottom,C29,,C_0805_2012Metric,min. 4.7uF,smt,True
74.112,-71.082,90.0,top,C3,,C_0402_1005Metric,15p,smt,True
71.572,-53.556,90.0,bottom,C4,,C_0805_2012Metric,10u,smt,True
67.818,-49.276,180.0,top,C5,,C_0402_1005Metric,100n,smt,True
80.01,-73.914,180.0,top,C52,,C_0402_1005Metric,100n,smt,True
85.598,-61.468,90.0,top,C53,,C_0402_1005Metric,100n,smt,True
52.578,-52.07,-90.0,top,C54,,C_0402_1005Metric,100n,smt,True
62.738,-73.66,180.0,top,C55,,C_0402_1005Metric,100n,smt,True
72.588,-54.826,90.0,top,C6,,C_0402_1005Metric,100n,smt,True
74.874,-68.288,-90.0,top,C7,,C_0402_1005Metric,100n,smt,True
75.89,-55.588,90.0,top,C8,,C_0402_1005Metric,1u,smt,True
67.508,-58.128,180.0,top,C9,,C_0402_1005Metric,100n,smt,True
71.755,-74.295,0.0,bottom,D3,,DIOM7959X262N,SS34,smt,True
83.82,-54.483,90.0,bottom,D4,,DIOM7959X262N,SS34,smt,True
59.309,-45.847,180.0,bottom,D5,,DIOM7959X262N,SS34,smt,True
57.658,-70.612,0.0,bottom,D6,,DIOM7959X262N,SS34,smt,True
50.8,-45.72,0.0,top,H1,,MountingHole_2.7mm_Pad_Via,MountingHole_Pad,tht,True
87.63,-45.72,0.0,top,H2,,MountingHole_2.7mm_Pad_Via,MountingHole_Pad,tht,True
50.8,-76.2,0.0,top,H3,,MountingHole_2.7mm_Pad_Via,MountingHole_Pad,tht,True
87.63,-76.2,0.0,top,H4,,MountingHole_2.7mm_Pad_Via,MountingHole_Pad,tht,True
69.596,-61.468,90.0,bottom,IC2,,MPU6050,MPU-6050,smt,True
77.16,-49.746,0.0,bottom,IC4,,SON50P300X200X100-9N-D,MCP73831T-2ACI_MC,smt,True
74.112,-46.444,180.0,top,J1,,473461001,47346-1001,smt,True
87.4885,-84.942,90.0,top,J10,,PinHeader_2x04_P2.54mm_Vertical,Conn_02x04_Odd_Even,tht,True
50.19,-50.82,0.0,top,J12,,PinSocket_1x02_P2.54mm_Vertical,Conn_01x02_Pin,tht,True
65.3288,-67.4624,0.0,top,J13,,PinHeader_2x05_P1.00mm_Vertical_SMD,Conn_02x05_Row_Letter_Last,smt,True
55.367,-57.922,0.0,top,J2,,PinHeader_2x04_P2.54mm_Vertical,Conn_02x04_Odd_Even,tht,True
81.26,-76.606,-90.0,top,J4,,PinSocket_1x02_P2.54mm_Vertical,Conn_01x02_Pin,tht,True
88.113,-63.48,180.0,top,J8,,PinSocket_1x02_P2.54mm_Vertical,Conn_01x02_Pin,tht,True
63.734,-76.479,-90.0,top,J9,,PinSocket_1x02_P2.54mm_Vertical,Conn_01x02_Pin,tht,True
66.812,-85.1405,90.0,top,OLED1,,PinHeader_1x04_P2.54mm_Vertical,Conn_01x04_Socket,tht,True
84.074,-53.213,-90.0,top,Q1,,SOT95P237X112-3N,SQ2310ES-T1_GE3,smt,True
56.007,-48.26,-90.0,top,Q2,,SOT95P237X112-3N,SQ2310ES-T1_GE3,smt,True
65.278,-69.088,180.0,bottom,Q3,,SOT95P237X112-3N,SQ2310ES-T1_GE3,smt,True
84.836,-67.564,-90.0,top,Q5,,SOT95P237X112-3N,SQ2310ES-T1_GE3,smt,True
62.611,-49.276,180.0,top,R1,,R_0402_1005Metric_Pad0.72x0.64mm_HandSolder,1k,smt,True
79.192,-52.54,90.0,bottom,R10,,R_0402_1005Metric_Pad0.72x0.64mm_HandSolder,2kOhm,smt,True
69.54,-48.125,180.0,bottom,R11,,R_0402_1005Metric_Pad0.72x0.64mm_HandSolder,R,smt,True
69.54,-46.698,180.0,bottom,R12,,R_0402_1005Metric_Pad0.72x0.64mm_HandSolder,R,smt,True
79.502,-60.071,0.0,top,R13,,R_0402_1005Metric_Pad0.72x0.64mm_HandSolder,100,smt,True
80.264,-61.341,180.0,top,R14,,R_0402_1005Metric_Pad0.72x0.64mm_HandSolder,10k,smt,True
68.58,-68.199,180.0,bottom,R15,,R_0402_1005Metric_Pad0.72x0.64mm_HandSolder,100,smt,True
68.58,-66.802,0.0,bottom,R16,,R_0402_1005Metric_Pad0.72x0.64mm_HandSolder,10k,smt,True
59.055,-48.641,90.0,top,R17,,R_0402_1005Metric_Pad0.72x0.64mm_HandSolder,100,smt,True
60.452,-48.641,-90.0,top,R18,,R_0402_1005Metric_Pad0.72x0.64mm_HandSolder,10k,smt,True
62.4875,-88.9,0.0,top,R19,,R_0402_1005Metric_Pad0.72x0.64mm_HandSolder,10k,smt,True
65.278,-49.276,180.0,top,R2,,R_0402_1005Metric_Pad0.72x0.64mm_HandSolder,DNF,smt,True
66.4245,-88.9,180.0,top,R20,,R_0402_1005Metric_Pad0.72x0.64mm_HandSolder,10k,smt,True
79.502,-66.802,180.0,top,R21,,R_0402_1005Metric_Pad0.72x0.64mm_HandSolder,10k,smt,True
73.858,-51.778,-90.0,top,R3,,R_0402_1005Metric_Pad0.72x0.64mm_HandSolder,27,smt,True
75.382,-51.524,-90.0,top,R4,,R_0402_1005Metric_Pad0.72x0.64mm_HandSolder,27,smt,True
72.842,-71.082,-90.0,top,R5,,R_0402_1005Metric_Pad0.72x0.64mm_HandSolder,1k,smt,True
79.502,-63.754,0.0,top,R8,,R_0402_1005Metric_Pad0.72x0.64mm_HandSolder,100,smt,True
79.502,-65.278,180.0,top,R9,,R_0402_1005Metric_Pad0.72x0.64mm_HandSolder,10k,smt,True
51.219,-115.601,180.0,top,S1,,THB001P,THB001P,tht,True
88.869,-98.267,0.0,top,S2,,THB001P,THB001P,tht,True
64.897,-45.466,180.0,top,S3,,PTS830GG140SMTRLFS,PTS830GG140SMTRLFS,smt,True
78.613,-70.993,0.0,top,S4,,PTS830GG140SMTRLFS,PTS830GG140SMTRLFS,smt,True
73.406,-66.04,180.0,bottom,TP1,,TestPoint_Pad_D1.0mm,TestPoint_Small,tht,True
74.676,-64.262,180.0,bottom,TP2,,TestPoint_Pad_D1.0mm,TestPoint_Small,tht,True
78.486,-52.07,0.0,top,TP3,,TestPoint_Pad_D1.0mm,TestPoint_Small,tht,True
54.483,-52.324,0.0,top,TP4,,TestPoint_Pad_D1.0mm,TestPoint_Small,tht,True
76.708,-59.182,180.0,bottom,TP5,,TestPoint_Pad_D1.0mm,TestPoint_Small,tht,True
76.708,-61.341,180.0,bottom,TP6,,TestPoint_Pad_D1.0mm,TestPoint_Small,tht,True
78.994,-65.024,180.0,bottom,TP7,,TestPoint_Pad_D1.0mm,TestPoint_Small,tht,True
74.295,-73.533,0.0,top,TP8,,TestPoint_Pad_D1.0mm,TestPoint_Small,tht,True
76.073,-74.295,0.0,top,TP9,,TestPoint_Pad_D1.0mm,TestPoint_Small,tht,True
65.786,-52.832,180.0,bottom,U1,,SOT-223-3_TabPin2,NCP1117-3.3_SOT223,smt,True
66.746,-53.556,0.0,top,U2,,SOIC-8_5.23x5.23mm_P1.27mm,W25Q128JVS,smt,True
73.136,-61.414,0.0,top,U3,,QFN40P700X700X90-57N-D,RP2040,smt,True
69.667,-71.717,180.0,top,Y1,,Crystal_SMD_3225-4Pin_3.2x2.5mm,ABM8-272-T3,smt,True
